{
    "foreground_intensity_properties_per_channel": {
        "0": {
            "max": 1326.0,
            "mean": 350.18780517578125,
            "median": 327.0,
            "min": 0.0,
            "percentile_00_5": 83.0,
            "percentile_99_5": 822.0,
            "std": 139.9563751220703
        },
        "1": {
            "max": 3698.0,
            "mean": 1351.1083984375,
            "median": 1364.0,
            "min": 0.0,
            "percentile_00_5": 0.0,
            "percentile_99_5": 2563.0,
            "std": 376.4326477050781
        }
    },
    "median_relative_size_after_cropping": 0.996875,
    "shapes_after_crop": [
        [
            15,
            320,
            320
        ],
        [
            20,
            320,
            320
        ],
        [
            24,
            320,
            319
        ],
        [
            15,
            319,
            320
        ],
        [
            20,
            320,
            320
        ],
        [
            20,
            320,
            320
        ],
        [
            20,
            320,
            319
        ],
        [
            20,
            320,
            320
        ],
        [
            20,
            320,
            319
        ],
        [
            20,
            320,
            320
        ],
        [
            20,
            320,
            319
        ],
        [
            18,
            256,
            256
        ],
        [
            20,
            320,
            320
        ],
        [
            20,
            320,
            320
        ],
        [
            20,
            320,
            319
        ],
        [
            19,
            320,
            319
        ],
        [
            11,
            383,
            383
        ],
        [
            15,
            319,
            320
        ],
        [
            20,
            320,
            319
        ],
        [
            20,
            320,
            319
        ],
        [
            15,
            319,
            320
        ],
        [
            20,
            320,
            319
        ],
        [
            15,
            256,
            256
        ],
        [
            20,
            320,
            319
        ],
        [
            15,
            320,
            320
        ],
        [
            20,
            320,
            319
        ],
        [
            18,
            256,
            256
        ],
        [
            22,
            320,
            319
        ],
        [
            20,
            320,
            320
        ],
        [
            20,
            320,
            319
        ],
        [
            20,
            320,
            320
        ],
        [
            20,
            320,
            320
        ]
    ],
    "spacings": [
        [
            4.000002384185791,
            0.6000003218650818,
            0.6000000238418579
        ],
        [
            3.5999999046325684,
            0.625,
            0.625
        ],
        [
            3.5999999046325684,
            0.625,
            0.625
        ],
        [
            4.000000476837158,
            0.6000001430511475,
            0.6000000238418579
        ],
        [
            3.5999999046325684,
            0.625,
            0.625
        ],
        [
            3.5999999046325684,
            0.625,
            0.625
        ],
        [
            3.599989891052246,
            0.625,
            0.625
        ],
        [
            3.5999999046325684,
            0.625,
            0.625
        ],
        [
            3.5999999046325684,
            0.625,
            0.625
        ],
        [
            3.5999999046325684,
            0.625,
            0.625
        ],
        [
            3.5999999046325684,
            0.625,
            0.625
        ],
        [
            4.0,
            0.75,
            0.75
        ],
        [
            3.6000099182128906,
            0.625,
            0.625
        ],
        [
            3.5999999046325684,
            0.625,
            0.625
        ],
        [
            3.5999999046325684,
            0.6249998807907104,
            0.6249998807907104
        ],
        [
            3.5999999046325684,
            0.625,
            0.625
        ],
        [
            3.999998092651367,
            0.6041666865348816,
            0.6041669845581055
        ],
        [
            3.999998092651367,
            0.599999725818634,
            0.6000000238418579
        ],
        [
            3.599998712539673,
            0.625,
            0.6249998211860657
        ],
        [
            3.5999999046325684,
            0.625,
            0.625
        ],
        [
            4.000000476837158,
            0.6000001430511475,
            0.6000000238418579
        ],
        [
            3.5999999046325684,
            0.625,
            0.625
        ],
        [
            4.000000476837158,
            0.7500001192092896,
            0.75
        ],
        [
            3.5999999046325684,
            0.625,
            0.625
        ],
        [
            3.999998092651367,
            0.599999725818634,
            0.6000000238418579
        ],
        [
            3.5999999046325684,
            0.625,
            0.625
        ],
        [
            2.9999985694885254,
            0.7499996423721313,
            0.75
        ],
        [
            3.6000001430511475,
            0.6250000596046448,
            0.625
        ],
        [
            3.5999999046325684,
            0.625,
            0.625
        ],
        [
            3.5999999046325684,
            0.6249997615814209,
            0.6249997615814209
        ],
        [
            3.6000099182128906,
            0.625,
            0.625
        ],
        [
            3.6000099182128906,
            0.625,
            0.625
        ]
    ]
}