{
    "foreground_mean": {
        "Dice": 0.7197663570058979,
        "FN": 5974.142857142858,
        "FP": 3676.5714285714284,
        "IoU": 0.5793582517165642,
        "TN": 1871546.5,
        "TP": 20517.071428571428,
        "n_pred": 24193.642857142855,
        "n_ref": 26491.214285714283
    },
    "mean": {
        "1": {
            "Dice": 0.6112238766707805,
            "FN": 3015.714285714286,
            "FP": 4805.142857142857,
            "IoU": 0.4477891564582048,
            "TN": 1887502.4285714286,
            "TP": 6391.0,
            "n_pred": 11196.142857142857,
            "n_ref": 9406.714285714286
        },
        "2": {
            "Dice": 0.8283088373410153,
            "FN": 8932.57142857143,
            "FP": 2548.0,
            "IoU": 0.7109273469749235,
            "TN": 1855590.5714285714,
            "TP": 34643.142857142855,
            "n_pred": 37191.142857142855,
            "n_ref": 43575.71428571428
        }
    },
    "metric_per_case": [
        {
            "metrics": {
                "1": {
                    "Dice": 0.6412923024465093,
                    "FN": 5196,
                    "FP": 3220,
                    "IoU": 0.47198695024781984,
                    "TN": 2032061,
                    "TP": 7523,
                    "n_pred": 10743,
                    "n_ref": 12719
                },
                "2": {
                    "Dice": 0.7495329240858657,
                    "FN": 4922,
                    "FP": 1647,
                    "IoU": 0.5994023661422124,
                    "TN": 2031602,
                    "TP": 9829,
                    "n_pred": 11476,
                    "n_ref": 14751
                }
            },
            "prediction_file": "C:\\Users\\linch\\fyp\\nnUNet_results\\Dataset005_Prostate\\nnUNetTrainer_100epochs__nnUNetPlans__2d\\crossval_results_folds_1\\postprocessed\\temp\\keep_largest_perClassOrRegion\\prostate_10.nii.gz",
            "reference_file": "C:\\Users\\linch\\fyp\\nnUNet_preprocessed\\Dataset005_Prostate\\gt_segmentations\\prostate_10.nii.gz"
        },
        {
            "metrics": {
                "1": {
                    "Dice": 0.6689891951933757,
                    "FN": 2224,
                    "FP": 4332,
                    "IoU": 0.502617403838859,
                    "TN": 2034819,
                    "TP": 6625,
                    "n_pred": 10957,
                    "n_ref": 8849
                },
                "2": {
                    "Dice": 0.7768878318351929,
                    "FN": 3937,
                    "FP": 2442,
                    "IoU": 0.6351730054332285,
                    "TN": 2030515,
                    "TP": 11106,
                    "n_pred": 13548,
                    "n_ref": 15043
                }
            },
            "prediction_file": "C:\\Users\\linch\\fyp\\nnUNet_results\\Dataset005_Prostate\\nnUNetTrainer_100epochs__nnUNetPlans__2d\\crossval_results_folds_1\\postprocessed\\temp\\keep_largest_perClassOrRegion\\prostate_13.nii.gz",
            "reference_file": "C:\\Users\\linch\\fyp\\nnUNet_preprocessed\\Dataset005_Prostate\\gt_segmentations\\prostate_13.nii.gz"
        },
        {
            "metrics": {
                "1": {
                    "Dice": 0.7843234090588401,
                    "FN": 4011,
                    "FP": 2103,
                    "IoU": 0.6451743949857814,
                    "TN": 1518769,
                    "TP": 11117,
                    "n_pred": 13220,
                    "n_ref": 15128
                },
                "2": {
                    "Dice": 0.8905796340994159,
                    "FN": 3205,
                    "FP": 3051,
                    "IoU": 0.802743181459877,
                    "TN": 1504285,
                    "TP": 25459,
                    "n_pred": 28510,
                    "n_ref": 28664
                }
            },
            "prediction_file": "C:\\Users\\linch\\fyp\\nnUNet_results\\Dataset005_Prostate\\nnUNetTrainer_100epochs__nnUNetPlans__2d\\crossval_results_folds_1\\postprocessed\\temp\\keep_largest_perClassOrRegion\\prostate_34.nii.gz",
            "reference_file": "C:\\Users\\linch\\fyp\\nnUNet_preprocessed\\Dataset005_Prostate\\gt_segmentations\\prostate_34.nii.gz"
        },
        {
            "metrics": {
                "1": {
                    "Dice": 0.5351855475119024,
                    "FN": 2746,
                    "FP": 4381,
                    "IoU": 0.3653606411398041,
                    "TN": 2036770,
                    "TP": 4103,
                    "n_pred": 8484,
                    "n_ref": 6849
                },
                "2": {
                    "Dice": 0.899569658319075,
                    "FN": 8718,
                    "FP": 2904,
                    "IoU": 0.8174707877874104,
                    "TN": 1984328,
                    "TP": 52050,
                    "n_pred": 54954,
                    "n_ref": 60768
                }
            },
            "prediction_file": "C:\\Users\\linch\\fyp\\nnUNet_results\\Dataset005_Prostate\\nnUNetTrainer_100epochs__nnUNetPlans__2d\\crossval_results_folds_1\\postprocessed\\temp\\keep_largest_perClassOrRegion\\prostate_35.nii.gz",
            "reference_file": "C:\\Users\\linch\\fyp\\nnUNet_preprocessed\\Dataset005_Prostate\\gt_segmentations\\prostate_35.nii.gz"
        },
        {
            "metrics": {
                "1": {
                    "Dice": 0.43705520485706245,
                    "FN": 3409,
                    "FP": 10592,
                    "IoU": 0.2796357275159498,
                    "TN": 2028564,
                    "TP": 5435,
                    "n_pred": 16027,
                    "n_ref": 8844
                },
                "2": {
                    "Dice": 0.8662823367812025,
                    "FN": 30988,
                    "FP": 1137,
                    "IoU": 0.7641076476851342,
                    "TN": 1911815,
                    "TP": 104060,
                    "n_pred": 105197,
                    "n_ref": 135048
                }
            },
            "prediction_file": "C:\\Users\\linch\\fyp\\nnUNet_results\\Dataset005_Prostate\\nnUNetTrainer_100epochs__nnUNetPlans__2d\\crossval_results_folds_1\\postprocessed\\temp\\keep_largest_perClassOrRegion\\prostate_38.nii.gz",
            "reference_file": "C:\\Users\\linch\\fyp\\nnUNet_preprocessed\\Dataset005_Prostate\\gt_segmentations\\prostate_38.nii.gz"
        },
        {
            "metrics": {
                "1": {
                    "Dice": 0.5857838364167478,
                    "FN": 2221,
                    "FP": 2033,
                    "IoU": 0.4142109611677224,
                    "TN": 1528738,
                    "TP": 3008,
                    "n_pred": 5041,
                    "n_ref": 5229
                },
                "2": {
                    "Dice": 0.8424628199258614,
                    "FN": 6416,
                    "FP": 4251,
                    "IoU": 0.7278062721682105,
                    "TN": 1496811,
                    "TP": 28522,
                    "n_pred": 32773,
                    "n_ref": 34938
                }
            },
            "prediction_file": "C:\\Users\\linch\\fyp\\nnUNet_results\\Dataset005_Prostate\\nnUNetTrainer_100epochs__nnUNetPlans__2d\\crossval_results_folds_1\\postprocessed\\temp\\keep_largest_perClassOrRegion\\prostate_39.nii.gz",
            "reference_file": "C:\\Users\\linch\\fyp\\nnUNet_preprocessed\\Dataset005_Prostate\\gt_segmentations\\prostate_39.nii.gz"
        },
        {
            "metrics": {
                "1": {
                    "Dice": 0.6259376412110258,
                    "FN": 1303,
                    "FP": 6975,
                    "IoU": 0.455538016311497,
                    "TN": 2032796,
                    "TP": 6926,
                    "n_pred": 13901,