{
    "input_folder": {
        "foreground_mean": {
            "Dice": 0.71736742017521,
            "FN": 5974.142857142858,
            "FP": 3740.5714285714284,
            "IoU": 0.5767384609960045,
            "TN": 1871482.5,
            "TP": 20517.071428571428,
            "n_pred": 24257.642857142855,
            "n_ref": 26491.214285714283
        },
        "mean": {
            "1": {
                "Dice": 0.6077302977739132,
                "FN": 3015.714285714286,
                "FP": 4884.571428571428,
                "IoU": 0.4442803610066449,
                "TN": 1887423.0,
                "TP": 6391.0,
                "n_pred": 11275.57142857143,
                "n_ref": 9406.714285714286
            },
            "2": {
                "Dice": 0.8270045425765069,
                "FN": 8932.57142857143,
                "FP": 2596.5714285714284,
                "IoU": 0.709196560985364,
                "TN": 1855542.0,
                "TP": 34643.142857142855,
                "n_pred": 37239.71428571428,
                "n_ref": 43575.71428571428
            }
        }
    },
    "postprocessed": {
        "foreground_mean": {
            "Dice": 0.7197663570058979,
            "FN": 5974.142857142858,
            "FP": 3676.5714285714284,
            "IoU": 0.5793582517165642,
            "TN": 1871546.5,
            "TP": 20517.071428571428,
            "n_pred": 24193.642857142855,
            "n_ref": 26491.214285714283
        },
        "mean": {
            "1": {
                "Dice": 0.6112238766707805,
                "FN": 3015.714285714286,
                "FP": 4805.142857142857,
                "IoU": 0.4477891564582048,
                "TN": 1887502.4285714286,
                "TP": 6391.0,
                "n_pred": 11196.142857142857,
                "n_ref": 9406.714285714286
            },
            "2": {
                "Dice": 0.8283088373410153,
                "FN": 8932.57142857143,
                "FP": 2548.0,
                "IoU": 0.7109273469749235,
                "TN": 1855590.5714285714,
                "TP": 34643.142857142855,
                "n_pred": 37191.142857142855,
                "n_ref": 43575.71428571428
            }
        }
    },
    "postprocessing_fns": [
        "remove_all_but_largest_component_from_segmentation",
        "remove_all_but_largest_component_from_segmentation"
    ],
    "postprocessing_kwargs": [
        {
            "labels_or_regions": [
                1,
                2
            ]
        },
        {
            "labels_or_regions": 1
        }
    ]
}