{
    "input_folder": {
        "foreground_mean": {
            "Dice": 0.779285609145177,
            "FN": 4052.0714285714284,
            "FP": 3722.0,
            "IoU": 0.655209005902916,
            "TN": 1886400.9285714286,
            "TP": 22167.85714285714,
            "n_pred": 25889.85714285714,
            "n_ref": 26219.928571428572
        },
        "mean": {
            "1": {
                "Dice": 0.6725382708594767,
                "FN": 2279.8571428571427,
                "FP": 4011.5714285714284,
                "IoU": 0.5143210317714536,
                "TN": 1903321.857142857,
                "TP": 6729.571428571428,
                "n_pred": 10741.142857142857,
                "n_ref": 9009.42857142857
            },
            "2": {
                "Dice": 0.8860329474308771,
                "FN": 5824.285714285715,
                "FP": 3432.4285714285716,
                "IoU": 0.7960969800343783,
                "TN": 1869480.0,
                "TP": 37606.142857142855,
                "n_pred": 41038.57142857143,
                "n_ref": 43430.42857142857
            }
        }
    },
    "postprocessed": {
        "foreground_mean": {
            "Dice": 0.7798111923073998,
            "FN": 4052.1428571428573,
            "FP": 3698.9285714285716,
            "IoU": 0.6558632273562359,
            "TN": 1886424.0,
            "TP": 22167.785714285714,
            "n_pred": 25866.714285714286,
            "n_ref": 26219.928571428572
        },
        "mean": {
            "1": {
                "Dice": 0.6732371884390643,
                "FN": 2280.0,
                "FP": 3994.4285714285716,
                "IoU": 0.5150703455262201,
                "TN": 1903339.0,
                "TP": 6729.428571428572,
                "n_pred": 10723.857142857143,
                "n_ref": 9009.42857142857
            },
            "2": {
                "Dice": 0.8863851961757352,
                "FN": 5824.285714285715,
                "FP": 3403.4285714285716,
                "IoU": 0.7966561091862518,
                "TN": 1869509.0,
                "TP": 37606.142857142855,
                "n_pred": 41009.57142857143,
                "n_ref": 43430.42857142857
            }
        }
    },
    "postprocessing_fns": [
        "remove_all_but_largest_component_from_segmentation",
        "remove_all_but_largest_component_from_segmentation"
    ],
    "postprocessing_kwargs": [
        {
            "labels_or_regions": [
                1,
                2
            ]
        },
        {
            "labels_or_regions": 1
        }
    ]
}