{
    "foreground_mean": {
        "Dice": 0.779285609145177,
        "FN": 4052.0714285714284,
        "FP": 3722.0,
        "IoU": 0.655209005902916,
        "TN": 1886400.9285714286,
        "TP": 22167.85714285714,
        "n_pred": 25889.85714285714,
        "n_ref": 26219.928571428572
    },
    "mean": {
        "1": {
            "Dice": 0.6725382708594767,
            "FN": 2279.8571428571427,
            "FP": 4011.5714285714284,
            "IoU": 0.5143210317714536,
            "TN": 1903321.857142857,
            "TP": 6729.571428571428,
            "n_pred": 10741.142857142857,
            "n_ref": 9009.42857142857
        },
        "2": {
            "Dice": 0.8860329474308771,
            "FN": 5824.285714285715,
            "FP": 3432.4285714285716,
            "IoU": 0.7960969800343783,
            "TN": 1869480.0,
            "TP": 37606.142857142855,
            "n_pred": 41038.57142857143,
            "n_ref": 43430.42857142857
        }
    },
    "metric_per_case": [
        {
            "metrics": {
                "1": {
                    "Dice": 0.5762831858407079,
                    "FN": 1743,
                    "FP": 4242,
                    "IoU": 0.4047737444057683,
                    "TN": 1525945,
                    "TP": 4070,
                    "n_pred": 8312,
                    "n_ref": 5813
                },
                "2": {
                    "Dice": 0.8822217562853821,
                    "FN": 3891,
                    "FP": 2288,
                    "IoU": 0.7892636676784557,
                    "TN": 1506679,
                    "TP": 23142,
                    "n_pred": 25430,
                    "n_ref": 27033
                }
            },
            "prediction_file": "C:\\Users\\linch\\fyp\\nnUNet_results\\Dataset005_Prostate\\nnUNetTrainer_100epochs__nnUNetPlans__2d\\crossval_results_folds_0\\prostate_00.nii.gz",
            "reference_file": "C:\\Users\\linch\\fyp\\nnUNet_raw\\Dataset005_Prostate\\labelsTr\\prostate_00.nii.gz"
        },
        {
            "metrics": {
                "1": {
                    "Dice": 0.5535091016484992,
                    "FN": 5693,
                    "FP": 2622,
                    "IoU": 0.3826564704135422,
                    "TN": 1522531,
                    "TP": 5154,
                    "n_pred": 7776,
                    "n_ref": 10847
                },
                "2": {
                    "Dice": 0.8745074314491734,
                    "FN": 11324,
                    "FP": 4026,
                    "IoU": 0.776999738501322,
                    "TN": 1467166,
                    "TP": 53484,
                    "n_pred": 57510,
                    "n_ref": 64808
                }
            },
            "prediction_file": "C:\\Users\\linch\\fyp\\nnUNet_results\\Dataset005_Prostate\\nnUNetTrainer_100epochs__nnUNetPlans__2d\\crossval_results_folds_0\\prostate_04.nii.gz",
            "reference_file": "C:\\Users\\linch\\fyp\\nnUNet_raw\\Dataset005_Prostate\\labelsTr\\prostate_04.nii.gz"
        },
        {
            "metrics": {
                "1": {
                    "Dice": 0.7726202805762169,
                    "FN": 1495,
                    "FP": 3335,
                    "IoU": 0.629487572875115,
                    "TN": 2034964,
                    "TP": 8206,
                    "n_pred": 11541,
                    "n_ref": 9701
                },
                "2": {
                    "Dice": 0.8464562605697217,
                    "FN": 5459,
                    "FP": 1532,
                    "IoU": 0.7337877460873539,
                    "TN": 2021739,
                    "TP": 19270,
                    "n_pred": 20802,
                    "n_ref": 24729
                }
            },
            "prediction_file": "C:\\Users\\linch\\fyp\\nnUNet_results\\Dataset005_Prostate\\nnUNetTrainer_100epochs__nnUNetPlans__2d\\crossval_results_folds_0\\prostate_14.nii.gz",
            "reference_file": "C:\\Users\\linch\\fyp\\nnUNet_raw\\Dataset005_Prostate\\labelsTr\\prostate_14.nii.gz"
        },
        {
            "metrics": {
                "1": {
                    "Dice": 0.783334933282135,
                    "FN": 1626,
                    "FP": 2888,
                    "IoU": 0.643837778128452,
                    "TN": 2035326,
                    "TP": 8160,
                    "n_pred": 11048,
                    "n_ref": 9786
                },
                "2": {
                    "Dice": 0.9089205768693757,
                    "FN": 4447,
                    "FP": 5664,
                    "IoU": 0.8330471252600641,
                    "TN": 1987438,
                    "TP": 50451,
                    "n_pred": 56115,
                    "n_ref": 54898
                }
            },
            "prediction_file": "C:\\Users\\linch\\fyp\\nnUNet_results\\Dataset005_Prostate\\nnUNetTrainer_100epochs__nnUNetPlans__2d\\crossval_results_folds_0\\prostate_20.nii.gz",
            "reference_file": "C:\\Users\\linch\\fyp\\nnUNet_raw\\Dataset005_Prostate\\labelsTr\\prostate_20.nii.gz"
        },
        {
            "metrics": {
                "1": {
                    "Dice": 0.6314561596785692,
                    "FN": 763,
                    "FP": 4924,
                    "IoU": 0.461407330239606,
                    "TN": 1935041,
                    "TP": 4872,
                    "n_pred": 9796,
                    "n_ref": 5635
                },
                "2": {
                    "Dice": 0.89571456179341,
                    "FN": 5051,
                    "FP": 3583,
                    "IoU": 0.8111259379170039,
                    "TN": 1899887,
                    "TP": 37079,
                    "n_pred": 40662,
                    "n_ref": 42130
                }
            },
            "prediction_file": "C:\\Users\\linch\\fyp\\nnUNet_results\\Dataset005_Prostate\\nnUNetTrainer_100epochs__nnUNetPlans__2d\\crossval_results_folds_0\\prostate_25.nii.gz",
            "reference_file": "C:\\Users\\linch\\fyp\\nnUNet_raw\\Dataset005_Prostate\\labelsTr\\prostate_25.nii.gz"
        },
        {
            "metrics": {
                "1": {
                    "Dice": 0.7777163042090479,
                    "FN": 1264,
                    "FP": 3959,
                    "IoU": 0.6362813370473538,
                    "TN": 2033640,
                    "TP": 9137,
                    "n_pred": 13096,
                    "n_ref": 10401
                },
                "2": {
                    "Dice": 0.8762734121224687,
                    "FN": 6084,
                    "FP": 2867,
                    "IoU": 0.7797923637079315,
                    "TN": 2007352,
                    "TP": 31697,
                    "n_pred": 34564,
                    "n_ref": 37781
                }
            },
            "prediction_file": "C:\\Users\\linch\\fyp\\nnUNet_results\\Dataset005_Prostate\\nnUNetTrainer_100epochs__nnUNetPlans__2d\\crossval_results_folds_0\\prostate_31.nii.gz",
            "reference_file": "C:\\Users\\linch\\fyp\\nnUNet_raw\\Dataset005_Prostate\\labelsTr\\prostate_31.nii.gz"
        },
        {
            "metrics": {
                "1": {
                    "Dice": 0.6128479307811607,
                    "FN": 3375,
                    "FP": 6111,
                    "IoU": 0.4418029892903378,
                    "TN": 2235806,
                    "TP": 7508,
                    "n_pred": 13619,
                    "n_ref": 10883
                },
                "2": {
                    "Dice": 0.9181366329266082,
                    "FN": 4514,
                    "FP": 4067,
                    "IoU": 0.8486622810885169,
                    "TN": 2196099,
                    "TP": 48120,
                    "n_pred": 52187,
                    "n_ref": 52634
                }
            },